" Welcome to Address Book Service Program on Mysql DB "

--------------------------------------------------------
UC1-->Create a Database and used it
--------------------------------------------------------
mysql> create database address_book_service;
Query OK, 1 row affected (0.03 sec)

mysql> show databases;
+----------------------+
| Database             |
+----------------------+
| address_book_service |
| information_schema   |
| mysql                |
| performance_schema   |
| sakila               |
| sys                  |
| world                |
+----------------------+
7 rows in set (0.00 sec)

mysql> use address_book_service;
Database changed

----------------------------------------------------------
UC2-->Create a table with address_book name
----------------------------------------------------------
mysql> create table address_book(firstName varchar(20) not null , lastName varchar(20) not null ,address varchar(100) not null ,city varchar(30) not null ,state varchar(30) not null ,email varchar(30) not null ,zipCode int not null ,phone_number int not null);
Query OK, 0 rows affected (0.11 sec)

mysql> describe address_book;
+--------------+--------------+------+-----+---------+-------+
| Field        | Type         | Null | Key | Default | Extra |
+--------------+--------------+------+-----+---------+-------+
| firstName    | varchar(20)  | NO   |     | NULL    |       |
| lastName     | varchar(20)  | NO   |     | NULL    |       |
| address      | varchar(100) | NO   |     | NULL    |       |
| city         | varchar(30)  | NO   |     | NULL    |       |
| state        | varchar(30)  | NO   |     | NULL    |       |
| email        | varchar(30)  | NO   |     | NULL    |       |
| zipCode      | int          | NO   |     | NULL    |       |
| phone_number | int          | NO   |     | NULL    |       |
+--------------+--------------+------+-----+---------+-------+
8 rows in set (0.01 sec)

-------------------------------------------------------------------------
UC3-->Inserting values into a table
-------------------------------------------------------------------------
mysql> insert into address_book(firstName,lastName,address,city,state,email,zipCode,Phone_number)values
    -> ('Swapnil','Patil','panvel','panvel','Maharastra','swapnil@gmail.com','410206','123456788'),
    ->  ('Shubham','Ghule','ghule nagar','akluge','Maharastra','shubham@gmail.com','556856','123456788'),
    -> ('Kunal','Pawar','kharghar','kharghar','Maharashtra','kunal@gmail.com','575682','90594610');
Query OK, 3 rows affected (0.02 sec)
Records: 3  Duplicates: 0  Warnings: 0

mysql> select * from address_book;
+-----------+----------+-------------+----------+-------------+-------------------+---------+--------------+
| firstName | lastName | address     | city     | state       | email             | zipCode | phone_number |
+-----------+----------+-------------+----------+-------------+-------------------+---------+--------------+
| Swapnil   | Patil    | panvel      | panvel   | Maharastra  | swapnil@gmail.com |  410206 |    123456788 |
| Shubham   | Ghule    | ghule nagar | akluge   | Maharastra  | shubham@gmail.com |  556856 |    123456788 |
| Kunal     | Pawar    | kharghar    | kharghar | Maharashtra | kunal@gmail.com   |  575682 |     90594610 |
+-----------+----------+-------------+----------+-------------+-------------------+---------+--------------+
3 rows in set (0.00 sec)

----------------------------------------------------------------------------------------------------
UC4-->Edit existing Contact with using their name
----------------------------------------------------------------------------------------------------
mysql> update address_book set firstName='Arjun' where lastName='Ghule';
Query OK, 1 row affected (0.02 sec)
Rows matched: 1  Changed: 1  Warnings: 0

mysql> select * from address_book;
+-----------+----------+-------------+----------+-------------+-------------------+---------+--------------+
| firstName | lastName | address     | city     | state       | email             | zipCode | phone_number |
+-----------+----------+-------------+----------+-------------+-------------------+---------+--------------+
| Swapnil   | Patil    | panvel      | panvel   | Maharastra  | swapnil@gmail.com |  410206 |    123456788 |
| Arjun     | Ghule    | ghule nagar | akluge   | Maharastra  | shubham@gmail.com |  556856 |    123456788 |
| Kunal     | Pawar    | kharghar    | kharghar | Maharashtra | kunal@gmail.com   |  575682 |     90594610 |
+-----------+----------+-------------+----------+-------------+-------------------+---------+--------------+
3 rows in set (0.00 sec)

------------------------------------------------------------------------------------------------------
UC5-->Delete contact with using person name
------------------------------------------------------------------------------------------------------
mysql> select * from address_book;
+-----------+----------+-------------+----------+-------------+-------------------+---------+--------------+
| firstName | lastName | address     | city     | state       | email             | zipCode | phone_number |
+-----------+----------+-------------+----------+-------------+-------------------+---------+--------------+
| Swapnil   | Patil    | panvel      | panvel   | Maharastra  | swapnil@gmail.com |  410206 |    123456788 |
| Arjun     | Ghule    | ghule nagar | akluge   | Maharastra  | shubham@gmail.com |  556856 |    123456788 |
| Kunal     | Pawar    | kharghar    | kharghar | Maharashtra | kunal@gmail.com   |  575682 |     90594610 |
+-----------+----------+-------------+----------+-------------+-------------------+---------+--------------+
3 rows in set (0.00 sec)

mysql> delete from address_book where firstName='Kunal';
Query OK, 1 row affected (0.06 sec)

mysql> select * from address_book;
+-----------+----------+-------------+--------+------------+-------------------+---------+--------------+
| firstName | lastName | address     | city   | state      | email             | zipCode | phone_number |
+-----------+----------+-------------+--------+------------+-------------------+---------+--------------+
| Swapnil   | Patil    | panvel      | panvel | Maharastra | swapnil@gmail.com |  410206 |    123456788 |
| Arjun     | Ghule    | ghule nagar | akluge | Maharastra | shubham@gmail.com |  556856 |    123456788 |
+-----------+----------+-------------+--------+------------+-------------------+---------+--------------+
2 rows in set (0.00 sec)

----------------------------------------------------------------------------------------
UC6-->Ability to retrieve the contact their city or state
----------------------------------------------------------------------------------------
mysql> select * from address_book where city='panvel';
+-----------+----------+---------+--------+------------+-------------------+---------+--------------+
| firstName | lastName | address | city   | state      | email             | zipCode | phone_number |
+-----------+----------+---------+--------+------------+-------------------+---------+--------------+
| Swapnil   | Patil    | panvel  | panvel | Maharastra | swapnil@gmail.com |  410206 |    123456788 |
+-----------+----------+---------+--------+------------+-------------------+---------+--------------+
1 row in set (0.00 sec)

---------------------------------------------------------------------------
UC7-->Size of the address book by city and state
---------------------------------------------------------------------------
mysql> select count(city) from address_book;
+-------------+
| count(city) |
+-------------+
|           2 |
+-------------+
1 row in set (0.00 sec)

mysql> select count(state) from address_book;
+--------------+
| count(state) |
+--------------+
|            2 |
+--------------+
1 row in set (0.00 sec)

---------------------------------------------------------------------------------
UC8-->Sorted Alphabetically by person name
---------------------------------------------------------------------------------
mysql> select * from address_book;
+-----------+----------+-------------+--------+------------+-------------------+---------+--------------+
| firstName | lastName | address     | city   | state      | email             | zipCode | phone_number |
+-----------+----------+-------------+--------+------------+-------------------+---------+--------------+
| Swapnil   | Patil    | panvel      | panvel | Maharastra | swapnil@gmail.com |  410206 |    123456788 |
| Arjun     | Ghule    | ghule nagar | akluge | Maharastra | shubham@gmail.com |  556856 |    123456788 |
+-----------+----------+-------------+--------+------------+-------------------+---------+--------------+
2 rows in set (0.00 sec)

mysql> select * from address_book order by lastName;
+-----------+----------+-------------+--------+------------+-------------------+---------+--------------+
| firstName | lastName | address     | city   | state      | email             | zipCode | phone_number |
+-----------+----------+-------------+--------+------------+-------------------+---------+--------------+
| Arjun     | Ghule    | ghule nagar | akluge | Maharastra | shubham@gmail.com |  556856 |    123456788 |
| Swapnil   | Patil    | panvel      | panvel | Maharastra | swapnil@gmail.com |  410206 |    123456788 |
+-----------+----------+-------------+--------+------------+-------------------+---------+--------------+
2 rows in set (0.00 sec)

mysql> select lastname,city from address_book order by city;
+----------+--------+
| lastname | city   |
+----------+--------+
| Ghule    | akluge |
| Patil    | panvel |
+----------+--------+
2 rows in set (0.00 sec)

-----------------------------------------------------------------------------------------------------
UC9-->Ability to identify each Address Book with name and Type
-----------------------------------------------------------------------------------------------------
mysql> alter table address_book add bookName varchar(10) not null ,add contactType varchar(30) not null;
Query OK, 0 rows affected (0.06 sec)
Records: 0  Duplicates: 0  Warnings: 0

mysql> describe address_book;
+--------------+--------------+------+-----+---------+-------+
| Field        | Type         | Null | Key | Default | Extra |
+--------------+--------------+------+-----+---------+-------+
| firstName    | varchar(20)  | NO   |     | NULL    |       |
| lastName     | varchar(20)  | NO   |     | NULL    |       |
| address      | varchar(100) | NO   |     | NULL    |       |
| city         | varchar(30)  | NO   |     | NULL    |       |
| state        | varchar(30)  | NO   |     | NULL    |       |
| email        | varchar(30)  | NO   |     | NULL    |       |
| zipCode      | int          | NO   |     | NULL    |       |
| phone_number | int          | NO   |     | NULL    |       |
| bookName     | varchar(10)  | NO   |     | NULL    |       |
| contactType  | varchar(30)  | NO   |     | NULL    |       |
+--------------+--------------+------+-----+---------+-------+
10 rows in set (0.00 sec)

mysql> select * from address_book;
+-----------+----------+-------------+----------+-------------+-------------------+---------+--------------+----------+-------------+
| firstName | lastName | address     | city     | state       | email             | zipCode | phone_number | bookName | contactType |
+-----------+----------+-------------+----------+-------------+-------------------+---------+--------------+----------+-------------+
| Swapnil   | Patil    | panvel      | panvel   | Maharastra  | swapnil@gmail.com |  410206 |    123456788 |          |             |
| Shubham   | Ghule    | ghule nagar | akluge   | Maharastra  | shubham@gmail.com |  556856 |    123456788 |          |             |
| Kunal     | Pawar    | kharghar    | kharghar | Maharashtra | kunal@gmail.com   |  575682 |     90594610 |          |             |
| Amit      | Shendge  | new panvel  | panvel   | Maharashtra | amit@gmail.com    |  232224 |     99232312 |          |             |
| Sanket    | Thakur   | sanpada     | sanpada  | Maharashtra | sanket@gmail.com  |  236767 |     98776654 |          |             |
+-----------+----------+-------------+----------+-------------+-------------------+---------+--------------+----------+-------------+
5 rows in set (0.00 sec)

mysql> update address_book set bookname='SR',ContactType='Friends' where firstname='Swapnil' or firstname='Kunal';
Query OK, 2 rows affected (0.04 sec)
Rows matched: 2  Changed: 2  Warnings: 0

mysql> update address_book set bookname='SG',ContactType='Family' where firstname='Shubham';
Query OK, 1 row affected (0.02 sec)
Rows matched: 1  Changed: 1  Warnings: 0

mysql> update address_book set bookname='AS',ContactType='Bussiness' where firstname='Amit';
Query OK, 1 row affected (0.01 sec)
Rows matched: 1  Changed: 1  Warnings: 0

mysql> update address_book set bookname='ST',ContactType='Bussiness' where firstname='Sanket';
Query OK, 1 row affected (0.02 sec)
Rows matched: 1  Changed: 1  Warnings: 0

mysql> select * from address_book;
+-----------+----------+-------------+----------+-------------+-------------------+---------+--------------+----------+-------------+
| firstName | lastName | address     | city     | state       | email             | zipCode | phone_number | bookName | contactType |
+-----------+----------+-------------+----------+-------------+-------------------+---------+--------------+----------+-------------+
| Swapnil   | Patil    | panvel      | panvel   | Maharastra  | swapnil@gmail.com |  410206 |    123456788 | SR       | Friends     |
| Shubham   | Ghule    | ghule nagar | akluge   | Maharastra  | shubham@gmail.com |  556856 |    123456788 | SG       | Family      |
| Kunal     | Pawar    | kharghar    | kharghar | Maharashtra | kunal@gmail.com   |  575682 |     90594610 | SR       | Friends     |
| Amit      | Shendge  | new panvel  | panvel   | Maharashtra | amit@gmail.com    |  232224 |     99232312 | AS       | Bussiness   |
| Sanket    | Thakur   | sanpada     | sanpada  | Maharashtra | sanket@gmail.com  |  236767 |     98776654 | ST       | Bussiness   |
+-----------+----------+-------------+----------+-------------+-------------------+---------+--------------+----------+-------------+
5 rows in set (0.00 sec)

--------------------------------------------------------------------------------------------------
UC10-->Ability to get number of contact persons i.e. count by type
--------------------------------------------------------------------------------------------------
mysql> select count(contactType) from address_book where contactType='Family';
+--------------------+
| count(contactType) |
+--------------------+
|                  1 |
+--------------------+
1 row in set (0.08 sec)

mysql> select count(contactType) from address_book where contactType='Bussiness';
+--------------------+
| count(contactType) |
+--------------------+
|                  2 |
+--------------------+
1 row in set (0.00 sec)

mysql> select count(contactType) from address_book where contactType='Friends';
+--------------------+
| count(contactType) |
+--------------------+
|                  2 |
+--------------------+
1 row in set (0.00 sec)

---------------------------------------------------------------------------------
UC11-->Ability to add person to both Friend and Family
---------------------------------------------------------------------------------
mysql> insert into address_book(firstName,lastName,address,city,state,email,zipCode,Phone_number,bookname,contactType)values
    -> ('Dinesh','Kumar','jejuri','pune','maharashtra','dinesh@gmail.com','575682','10594220','DK','Family');
Query OK, 1 row affected (0.03 sec)

mysql> select * from address_book;
+-----------+----------+-------------+----------+-------------+-------------------+---------+--------------+----------+-------------+
| firstName | lastName | address     | city     | state       | email             | zipCode | phone_number | bookName | contactType |
+-----------+----------+-------------+----------+-------------+-------------------+---------+--------------+----------+-------------+
| Swapnil   | Patil    | panvel      | panvel   | Maharastra  | swapnil@gmail.com |  410206 |    123456788 | SR       | Friends     |
| Shubham   | Ghule    | ghule nagar | akluge   | Maharastra  | shubham@gmail.com |  556856 |    123456788 | SG       | Family      |
| Kunal     | Pawar    | kharghar    | kharghar | Maharashtra | kunal@gmail.com   |  575682 |     90594610 | SR       | Friends     |
| Amit      | Shendge  | new panvel  | panvel   | Maharashtra | amit@gmail.com    |  232224 |     99232312 | AS       | Bussiness   |
| Sanket    | Thakur   | sanpada     | sanpada  | Maharashtra | sanket@gmail.com  |  236767 |     98776654 | ST       | Bussiness   |
| Dinesh    | Kumar    | jejuri      | pune     | maharashtra | dinesh@gmail.com  |  575682 |     10594220 | DK       | Family      |
+-----------+----------+-------------+----------+-------------+-------------------+---------+--------------+----------+-------------+
6 rows in set (0.00 sec)

